00001,長和
00002,中電控股
00003,香港中華煤氣
00004,九龍倉集團
00005,匯豐控股
00006,電能實業
00007,凱富能源
00008,電訊盈科
00009,九號運通
00010,恆隆集團
00011,恆生銀行
00012,恆基地產
00014,希慎興業
00015,盈信控股
00016,新鴻基地產
00017,新世界發展
00018,東方報業集團
00019,太古股份公司A
00020,會德豐
00021,大中華地產控股
00022,茂盛控股
00023,東亞銀行
00024,寶威控股
00025,CHEVALIER INT'L
00026,中華汽車
00027,銀河娛樂
00028,天安
00029,達力集團
00030,萬隆控股集團
00031,航天控股
00032,港通控股
00033,亞投金融集團
00034,九龍建業
00035,遠東發展
00036,遠東控股國際
00037,遠東酒店實業
00038,第一拖拉機股份
00039,中國北大荒
00040,金山工業
00041,鷹君
00042,東北電氣
00043,卜蜂國際
00044,香港飛機工程
00045,大酒店
00046,科聯系統
00047,合興集團
00048,中國汽車內飾
00050,香港小輪(集團)
00051,海港企業
00052,FAIRWOOD HOLD
00053,國浩集團
00054,合和實業
00055,中星集團控股
00056,聯合地產(香港)
00057,震雄集團
00058,新威國際
00059,天譽置業
00060,香港食品投資
00061,北亞資源
00062,載通
00063,榮豐國際
00064,結好控股
00065,弘海高新資源
00066,港鐵公司
00067,旭光高新材料
00068,利興發展
00069,香格里拉(亞洲)
00070,海王集團
00071,美麗華酒店
00072,現代傳播
00073,亞洲果業
00075,渝太地產
00076,南海石油
00077,進智公共交通
00078,REGAL INT'L
00079,世紀建業
00080,中國新經濟投資
00081,中國海外宏洋集團
00082,第一視頻
00083,信和置業
00084,寶光實業
00085,中國電子
00086,新鴻基公司
00087,太古股份公司B
00088,TAI CHEUNG HOLD
00089,大生地產
00090,琥珀能源
00091,標準資源控股
00092,CHAMPION TECH
00093,TERMBRAY IND
00094,綠心集團
00095,綠景中國地產
00096,YUSEI HOLDINGS LIMITED
00097,恆基發展
00098,興發鋁業
00099,王氏國際
00100,白馬戶外媒體
00101,恆隆地產
00102,凱升控股
00103,首長寶佳
00104,ASIA COMM HOLD
00105,凱聯國際酒店
00106,朗詩綠色地產
00107,四川成渝高速公路
00108,國銳地產
00109,天成國際
00110,中國長遠
00111,信達國際控股
00112,勒泰商業地產
00113,迪生創建
00114,HERALD HOLD
00115,鈞濠集團
00116,周生生
00117,天利控股集團
00118,大同機械
00119,保利置業集團
00120,COSMOPOL INT'L
00121,卜蜂蓮花
00122,鱷魚恤
00123,越秀地產
00124,粵海置地
00125,新興光學
00126,佳寧娜
00127,華人置業
00128,安寧控股
00129,泛海集團
00130,慕詩國際
00131,卓能(集團)
00132,中國興業控股
00133,招商局中國基金
00135,昆侖能源
00136,恆騰網絡
00137,金輝集團
00138,中建富通
00139,中國軟實力
00141,大中華集團
00142,第一太平
00143,GLOBAL TECH
00144,招商局港口
00145,香港建屋貸款
00146,TAI PING CARPET
00147,超越集團
00148,建滔化工
00149,中國農產品交易
00151,中國旺旺
00152,深圳國際
00153,中國賽特
00154,北京控股環境集團
00155,中國源暢
00156,力寶華潤
00157,自然美
00158,萬邦投資
00159,布萊克萬礦業
00160,漢國置業
00161,中航國際控股
00162,世紀金花
00163,英皇國際
00164,中國寶力科技
00165,中國光大控股
00166,新時代能源
00167,IDT INT'L
00168,青島啤酒股份
00169,萬達酒店發展
00170,中國資本
00171,銀建國際
00172,金榜集團
00173,嘉華國際
00174,盛洋投資
00175,吉利汽車
00176,聯太工業
00177,江蘇寧滬高速公路
00178,莎莎國際
00179,德昌電機控股
00180,開達集團
00181,閩港控股
00182,協合新能源
00183,宏輝集團
00184,激成投資
00185,正恆國際控股
00186,GRANDE HOLDINGS
00187,京城機電股份
00188,新華匯富金融
00189,東岳集團
00190,香港建設(控股)
00191,麗新國際
00193,冠中地產
00194,廖創興企業
00195,利海資源
00196,宏華集團
00197,亨泰
00198,星美控股
00199,德祥地產
00200,新濠國際發展
00201,華大酒店
00202,潤中國際控股
00204,中國投資開發
00205,財訊傳媒
00206,TSC集團
00207,大悅城地產
00208,保利達資產
00209,瀛晟科學
00210,達芙妮國際
00211,STYLAND HOLD
00212,NANYANG HOLD
00213,NATIONAL ELEC H
00214,匯漢控股
00215,和記電訊香港
00216,建業實業
00217,中國誠通發展集團
00218,申萬宏源
00219,順豪物業
00220,統一企業中國
00221,易易壹金融
00222,閩信集團
00223,神州資源
00224,建生國際
00225,博富臨置業
00226,力寶
00227,第一上海
00228,中能控股
00229,利民實業
00230,五礦地產
00231,平安證券集團控股
00232,中國航空工業國際
00233,銘源醫療
00234,新世紀集團
00235,中策集團
00236,香港生力啤
00237,安全貨倉
00238,長興國際
00239,白花油
00240,利基控股
00241,阿里健康
00242,信德集團
00243,QPL INT'L
00244,先施
00245,中國民生金融
00246,瑞金礦業
00247,TST PROPERTIES
00248,香港通訊國際控股
00250,中國數碼信息
00251,爪哇控股
00252,華信地產財務
00253,順豪控股
00254,國家聯合資源
00255,龍記集團
00256,冠城鐘錶珠寶
00257,中國光大國際
00258,湯臣集團
00259,億都(國際控股)
00260,幸福控股
00261,中建置地
00262,迪臣發展國際
00263,高富集團控股
00264,中璽國際
00265,東勝中國
00266,天德地產
00267,中信股份
00268,金蝶國際
00269,中國資源交通
00270,粵海投資
00271,丹楓控股
00272,瑞安房地產
00273,民信金控
00274,中富資源
00275,凱華集團
00276,蒙古能源
00277,太興置業
00278,華廈置業
00279,民眾金融科技
00280,景福集團
00281,川河集團
00282,壹傳媒
00283,高銀地產
00285,比亞迪電子
00286,同佳健康
00287,永發置業
00288,萬洲國際
00289,WING ON CO
00290,中國富強金融
00291,華潤啤酒
00292,泛海酒店
00293,國泰航空
00294,長江製衣
00295,江山控股
00296,英皇娛樂酒店
00297,中化化肥
00298,莊士中國
00299,新體育
00300,昆明機床
00303,VTECH HOLDINGS
00305,五菱汽車
00306,冠忠巴士集團
00307,優派能源發展
00308,香港中旅
00309,新華通訊頻媒
00310,嘉進投資國際
00311,聯泰控股
00312,歲寶百貨
00313,裕田中國
00315,數碼通電訊
00316,東方海外國際
00317,中船防務
00318,黃河實業
00319,勤美達國際
00320,金寶通
00321,德永佳集團
00322,康師傅控股
00323,馬鞍山鋼鐵股份
00326,中國星集團
00327,百富環球
00328,ALCO HOLDINGS
00329,三龍國際
00330,思捷環球
00331,豐盛機電
00332,元亨燃氣
00333,黛麗斯國際
00334,TCL顯示科技
00335,美建集團
00336,華寶國際
00337,綠地香港
00338,上海石油化工股份
00339,安利時投資
00340,中國礦業
00341,大家樂集團
00342,新海能源
00343,文化傳信
00345,VITASOY INT'L
00346,延長石油國際
00347,鞍鋼股份
00348,海爾智能健康
00351,亞洲能源物流
00352,富陽
00353,能源國際投資
00354,中國軟件國際
00355,世紀城市國際
00356,鼎立資本
00357,航基股份
00358,江西銅業股份
00359,海升果汁
00360,新焦點
00361,順龍控股
00362,中國天化工
00363,上海實業控股
00364,坪山茶業
00365,紫光控股
00366,陸氏集團(越南)
00367,莊士機構國際
00368,中外運航運
00369,永泰地產
00370,國華
00371,北控水務集團
00372,德祥企業
00373,聯合集團
00374,四洲集團
00375,YGM TRADING
00376,雲鋒金融
00377,華君控股
00378,五龍動力
00379,恆嘉融資租賃
00380,冠力國際
00381,僑雄國際
00382,威靈控股
00383,中國醫療網絡
00384,中國燃氣
00385,建聯集團
00386,中國石油化工股份
00387,力豐(集團)
00388,香港交易所
00389,通天酒業
00390,中國中鐵
00391,美亞娛樂資訊
00392,北京控股
00393,旭日企業
00395,中國智能集團
00396,興利(香港)控股
00397,君陽金融
00398,東方表行集團
00399,領航醫藥生物科技
00400,科通芯城
00401,萬嘉集團
00402,天下圖控股
00403,星光集團
00404,新昌集團控股
00405,越秀房產信託基金
00406,有利集團
00408,葉氏化工集團
00410,SOHO中國
00411,南順(香港)
00412,中國新金融
00413,南華集團控股
00416,錦州銀行
00417,謝瑞麟
00418,方正控股
00419,華誼騰訊娛樂
00420,福田實業
00422,越南製造加工出口
00423,經濟日報集團
00425,敏實集團
00426,萬華媒體
00428,匯嘉中國
00430,東方網庫
00431,大中華金融
00432,盈大地產
00433,北方礦業
00434,博雅互動
00435,陽光房地產基金
00436,新宇環保
00438,彩虹新能源
00439,光啟科學
00440,大新金融
00442,KTL INTERNATIONAL HOLDINGS GROUP LIMITED
00444,SINCEREWATCH HK
00445,中國消防
00449,志高控股
00450,鴻興印刷集團
00451,協鑫新能源
00455,天大藥業
00456,新城市建設發展
00458,聯亞集團
00459,美聯工商舖
00460,四環醫藥
00462,天然乳品
00464,建福集團
00465,富通科技
00467,聯合能源集團
00468,紛美包裝
00469,凱普松國際
00471,中播控股
00472,新絲路文旅
00474,昊天發展集團
00475,中發展控股
00476,中國動力控股
00479,華建控股
00480,香港興業國際
00482,聖馬丁國際
00483,包浩斯國際
00484,雲遊控股
00485,中國華星
00486,UNITED COMPANY RUSAL PLC
00487,實德環球
00488,麗新發展
00489,東風集團股份
00491,漢傳媒
00493,國美電器
00494,利豐
00495,PALADIN
00496,卡森國際
00497,資本策略地產
00498,保華集團
00499,青島控股
00500,先豐服務集團
00503,朗生醫藥
00505,歡悅互娛
00506,中國食品
00508,鼎億集團投資
00509,世紀陽光
00510,時富金融服務集團
00511,電視廣播
00512,遠大醫藥
00513,恆和集團
00515,達進東方照明
00517,中遠國際控股
00518,同得仕(集團)
00519,實力建業
00520,呷哺呷哺
00521,海航實業股份
00522,ASM PACIFIC
00524,E-KONG GROUP
00525,廣深鐵路股份
00526,利時集團控股
00527,瑞風新能源
00528,金達控股
00529,SIS INT'L
00530,高銀金融
00531,順誠
00532,WKK INTL (HOLD)
00533,金利來集團
00535,金地商置
00536,貿易通
00538,味千(中國)
00539,冠華國際控股
00540,迅捷環球控股
00542,新嶺域集團
00543,太平洋網絡
00544,大同集團
00546,阜豐集團
00547,數字王國
00548,深圳高速公路股份
00549,奇峰化纖
00550,先傳媒
00551,裕元集團
00552,中國通信服務
00553,南京熊貓電子股份
00554,漢思能源
00555,御泰中彩控股
00556,泛亞環保
00557,CITY E-SOLUTION
00558,力勁科技
00559,德泰新能源集團
00560,珠江船務
00563,上實城市開發
00564,鄭煤機
00565,錦藝集團控股
00566,漢能薄膜發電
00567,大昌微綫集團
00568,山東墨龍
00569,中國自動化
00570,中國中藥
00571,豐德麗控股
00572,中達金融集團
00573,稻香控股
00574,百信藥業
00575,勵晶太平洋
00576,浙江滬杭甬
00577,十三集團
00578,融信資源
00579,京能清潔能源
00580,賽晶電力電子
00581,中國東方集團
00582,藍鼎國際
00583,南潮控股
00585,意馬國際
00586,海螺創業
00587,華瀚健康
00588,北京北辰實業股份
00589,寶國國際
00590,六福集團
00591,中國高精密
00592,BOSSINI INT'L
00593,天洋國際控股
00595,AV CONCEPT HOLD
00596,浪潮國際
00598,中國外運
00599,怡邦行控股
00600,中國基建投資
00601,權智(國際)
00602,佳華百貨控股
00603,中油燃氣
00604,深圳控股
00605,中國金融投資管理
00606,中國糧油控股
00607,豐盛控股
00608,達利國際
00609,天德化工
00610,WAI KEE HOLD
00611,中國核能科技
00612,中國投資基金公司
00613,YUGANG INT'L
00616,高山企業
00617,百利保控股
00618,北大資源
00619,南華金融
00620,大唐西市
00621,壇金礦業
00622,威華達控股
00623,中視金橋
00625,睿富房地產基金
00626,大眾金融控股
00627,佑威國際
00628,華銀控股
00629,悅達礦業
00630,雋泰控股
00631,三一國際
00632,東方明珠石油
00633,中國全通
00635,彩星集團
00636,嘉里物流
00637,利記
00638,建溢集團
00639,首鋼資源
00640,星謙發展
00641,恆天立信
00642,PALADIN LIMITED- CONVERTIBLE REDEEMABLE PREFERENCE SHARES
00643,恆富控股
00645,安域亞洲
00646,中國環保科技
00647,JOYCE BOUTIQUE
00648,中國華仁醫療
00650,順昌集團
00651,中海重工
00653,卓悅控股
00655,香港華人有限公司
00656,復星國際
00657,環科國際
00658,中國高速傳動
00659,新創建集團
00660,偉俊礦業集團
00661,中國大冶有色金屬
00662,亞洲金融
00663,金山能源
00665,海通國際(一千)
00666,新工投資
00668,東銀國際控股
00669,創科實業
00670,中國東方航空股份
00672,眾安房產
00673,中國衛生控股
00674,文化地標投資
00675,堅寶國際
00676,創信國際
00677,金源米業
00678,雲頂香港
00679,亞洲聯網科技
00680,南海控股
00681,中民控股
00682,超大現代
00683,嘉里建設
00684,亞倫國際
00685,世界華文媒體
00686,聯合光伏
00687,香港國際建投
00688,中國海外發展
00689,長盈集團(控股)
00690,聯康生物科技集團
00691,山水水泥
00692,中國家居
00693,陳唱國際
00694,北京首都機場股份
00695,東吳水泥
00696,中國民航信息網絡
00697,SHOUGANG INT'L
00698,通達集團
00699,神州租車
00700,騰訊控股
00701,CNT GROUP
00702,中國油氣控股
00703,FUTURE BRIGHT
00704,和嘉資源
00705,鼎和礦業
00706,美麗中國控股
00707,協盛協豐
00708,恆大健康
00709,佐丹奴國際
00710,精電
00711,亞洲聯合基建控股
00712,卡姆丹克太陽能
00713,世界(集團)
00715,中泛控股
00716,勝獅貨櫃
00717,英皇證券
00718,太和控股
00719,山東新華製藥股份
00720,意達利控股
00721,中國金融國際
00722,聯合醫務
00723,永保林業
00724,瑞鑫國際集團
00725,恆都集團
00726,中民築友科技
00727,皇冠環球(二千)
00728,中國電信
00729,五龍電動車
00730,SHOUGANG GRAND
00731,森信紙業集團
00732,信利國際
00733,合富輝煌
00735,中國電力新能源
00736,中國置業投資
00737,合和公路基建
00738,萊爾斯丹
00743,亞洲水泥(中國)
00745,中國國家文化產業
00746,理文化工
00747,瀋陽公用發展股份
00750,興業太陽能
00751,創維數碼
00752,PICO FAR EAST
00753,中國國航
00754,合生創展集團
00755,上海証大
00756,天溢森美
00757,陽光能源
00758,JUNEFIELD GROUP
00759,CEC INT'L HOLD
00760,新天地產集團
00761,百營環球資源
00762,中國聯通
00763,中興通訊
00764,永恆策略
00765,PERFECTECH INTL
00766,中盈集團控股
00767,PACIFIC PLYWOOD
00768,開明投資
00769,中國稀土
00770,SHANGHAI GROWTH
00771,自動系統
00775,長江生命科技
00776,捷豐家居
00777,網龍
00778,置富產業信託
00787,利標品牌
00789,雅天妮
00794,錦勝集團(控股)
00798,中電光谷
00799,IGG INC
00800,A8新媒體
00801,金衛醫療
00802,宏霸數碼
00803,昌興國際
00805,GLENCORE PLC
00806,惠理集團
00808,泓富產業信託
00809,大成生化科技
00810,中國互聯網投資
00811,新華文軒
00812,西證國際證券
00813,世茂房地產
00814,北京京客隆
00815,中國白銀集團
00816,華電福新
00817,中國金茂
00818,高陽科技
00819,天能動力
00821,匯盈控股
00822,嘉瑞國際
00823,領展房產基金
00825,新世界百貨中國
00826,天工國際
00827,玖源集團
00828,王朝酒業
00829,神冠控股
00830,遠東環球
00831,利亞零售
00832,建業地產
00833,華訊
00834,康大食品
00835,亞洲煤業
00836,華潤電力
00837,譚木匠
00838,億和控股
00839,天大石油管材
00840,天業節水
00841,木薯資源
00842,理士國際
00844,廣豪國際
00845,恆盛地產
00846,明發集團
00847,哈薩克礦業-S
00848,茂業國際
00850,投融長富
00851,盛源控股
00852,海峽石油化工
00853,微創醫療
00854,威雅利
00855,中國水務
00856,偉仕控股
00857,中國石油股份
00858,精優藥業
00859,鎮科集團
00860,奧立仕控股
00861,神州控股
00862,遠見控股
00863,品牌中國
00864,永利地產發展
00865,第一電訊
00866,中國秦發
00867,康哲藥業
00868,信義玻璃
00869,彩星玩具
00871,中國疏浚環保
00872,啟迪國際
00873,中國泰豐床品
00874,白雲山
00875,中國金控
00876,美加醫學
00877,昂納科技集團
00878,金朝陽集團
00880,澳博控股
00881,中升控股
00882,天津發展
00883,中國海洋石油
00884,旭輝控股集團
00885,仁天科技控股
00886,銀基集團
00887,諃皇鐘錶珠褐
00888,路訊通
00889,連達科技控股
00891,利邦
00893,中國鐵鈦
00894,萬裕科技
00895,東江環保
00896,興勝創建
00897,位元堂
00898,萬事昌國際
00899,亞洲資源
00900,AEON CREDIT
00901,鷹力投資
00902,華能國際電力股份
00903,冠捷科技
00904,中綠
00905,環球大通投資
00906,中糧包裝
00907,高雅光學
00908,珠海控股投資
00909,中大國際
00910,中國三迪
00911,前海健康
00912,信佳國際
00913,合一投資
00914,安徽海螺水泥股份
00915,道和環球
00916,龍源電力
00918,第一德勝控股
00919,現代美容
00921,海信科龍
00922,安賢園中國
00923,綜合環保集團
00925,北京建設
00926,碧生源
00927,富士高實業
00928,野馬國際
00929,國際精密
00930,中國森林
00931,中國天然氣
00932,御藥堂
00933,光匯石油
00934,中石化冠德
00935,龍翔集團
00936,鵬程亞洲
00938,民生國際
00939,建設銀行
00940,中國動物保健品
00941,中國移動
00943,意科控股
00945,宏利金融-S
00947,摩比發展
00948,融達控股
00950,李氏大藥廠
00951,超威動力
00952,華富國際
00953,邵氏兄弟控股
00954,常茂生物
00956,新天綠色能源
00958,華能新能源
00959,奧瑪仕國際
00960,龍湖地產
00963,華熙生物科技
00966,中國太平
00967,桑德國際
00968,信義光能
00969,華聯國際
00970,耀萊集團
00973,L'OCCITANE INTERNATIONAL S.A.
00974,中國順客隆
00975,MONGOLIAN MINING CORPORATION
00976,齊合天地
00978,招商局置地
00979,綠色能源科技集團
00980,聯華超市
00981,中芯國際
00982,卓智控股
00983,瑞安建業
00984,永旺
00985,網智金控
00986,中國環保能源-新
00987,中國再生能源投資
00988,樓東俊安資源
00989,廣澤國際發展
00990,榮暉國際
00991,大唐發電
00992,聯想集團
00993,華融金控
00995,安徽皖通高速公路
00996,嘉年華國際
00997,普匯中金國際
00998,中信銀行
00999,I.T LIMITED
01000,北青傳媒
01001,滬港聯合
01002,威鋮國際
01003,歡喜傳媒
01004,中國智慧能源
01005,MATRIX HOLDINGS
01006,長壽花食品
01007,大慶乳業
01008,貴聯控股
01009,國際娛樂
01010,太睿國際控股
01011,泰凌醫藥
01013,偉俊集團控股
01019,康宏環球
01020,華耐控股
01021,麥達斯控股-S
01022,飛魚科技
01023,時代集團控股
01026,環球實業科技
01027,中國集成控股
01028,千百度
01029,鐵貨
01030,新城發展控股
01031,金利豐金融
01033,中石化油服
01035,ＢＢＩ生命科學
01036,萬科置業海外
01037,雲智匯科技
01038,長江基建集團
01039,鑫網易商
01041,林達控股
01043,光宇國際集團科技
01044,恆安國際
01045,亞太衛星
01046,寰宇國際金融
01047,毅興行
01048,新源控股
01049,時富投資
01050,嘉利國際
01051,國際資源
01052,越秀交通基建
01053,重慶鋼鐵股份
01055,中國南方航空股份
01057,浙江世寶
01058,粵海制革
01059,看通集團
01060,阿里影業
01061,億勝生物科技
01062,國開國際投資
01063,新確科技
01064,中華國際
01065,天津創業環保股份
01066,威高股份
01068,雨潤食品
01069,中國農林低碳
01070,TCL多媒體
01071,華電國際電力股份
01072,東方電氣
01073,浩倫農科
01075,首都信息
01076,博華太平洋
01079,松景科技
01080,勝利管道
01082,香港教育國際
01083,港華燃氣
01085,亨鑫科技
01086,好孩子國際
01087,威訊控股
01088,中國神華
01089,樂遊科技控股
01090,大明國際
01091,中信大錳
01093,石藥集團
01094,中國公共採購
01096,中能國際控股
01097,有線寬頻
01098,ROAD KING INFRA
01099,國藥控股
01100,飛達控股
01101,華榮能源
01102,環能國際
01103,大生農業金融
01104,亞太資源
01105,星島
01106,中國海景
01107,當代置業
01108,洛陽玻璃股份
01109,華潤置地
01110,金活醫藥集團
01111,創興銀行
01112,合生元
01113,長地
01114,BRILLIANCE CHI
01115,西藏水資源
01116,MAYER HOLDINGS LIMITED
01117,現代牧業
01118,高力集團
01120,雅視光學
01121,寶峰時尚
01122,慶鈴汽車股份
01123,中港照相
01124,沿海家園
01125,麗豐控股
01126,德林國際
01127,匯星印刷
01128,永利澳門
01129,中國水業集團
01130,中國環境資源
01131,鴻寶資源
01132,橙天嘉禾
01133,哈爾濱電氣
01135,ASIA SATELLITE
01136,台泥國際集團
01137,香港電視
01138,中海發展股份
01139,華多利集團
01140,東英金融投資
01141,天順證券
01142,西伯利亞礦業
01143,華夏健康產業
01145,勇利航業
01146,中國服飾控股
01148,新晨動力
01149,中國安芯
01150,米蘭站
01151,依利安達
01152,新融宇集團
01153,天順證券一七零二
01155,星辰通信
01157,中聯重科
01159,集美國際娛樂
01160,大唐投資國際
01161,奧思集團
01163,德金資源
01164,中廣核礦業
01165,順風清潔能源
01166,星凱控股
01168,百仕達控股
01169,海爾電器
01170,信星集團
01171,兗州煤業股份
01172,勤達集團國際
01173,威高國際
01174,太平洋恩利
01175,鮮馳達控股
01176,珠光控股
01177,中國生物製藥
01178,天年集團
01180,匯彩控股
01181,唐宮中國
01182,勝龍國際
01184,S.A.S. DRAGON
01185,中國航天萬源
01186,中國鐵建
01187,漢唐國際控股
01188,正道集團
01189,珀麗酒店
01190,航標控股
01191,粵首環保
01192,泰山石化
01193,華潤燃氣
01194,麥盛資本
01195,京維集團
01196,偉祿集團
01197,中國恆石
01198,皇朝傢俬
01199,中遠海運港口
01200,美聯集團
01201,天臣控股
01202,成都普天電纜股份
01203,廣南(集團)
01205,中信資源
01206,同方泰德
01207,上置集團
01208,五礦資源
01210,克莉絲汀
01211,比亞迪股份
01212,利福國際
01213,萬保剛集團
01215,開源控股
01217,中國創新投資
01218,永義國際
01219,天喔國際
01220,志道國際
01221,SINO HOTELS
01222,WANG ON GROUP
01223,新灃集團
01224,中渝置地
01225,隆成金融
01226,中國投融資
01227,國盛投資
01228,奇峰國際
01229,南南資源
01230,雅士利國際
01231,新礦資源
01232,金輪天地控股
01233,時代地產
01234,中國利郎
01235,專業旅運
01236,國農控股
01237,中科生物
01238,寶龍地產
01239,金寶寶控股
01240,青建國際
01241,雙樺控股
01243,宏安地產
01245,NIRAKU GC HOLDINGS, INC.
01246,毅信控股
01247,米格國際控股
01249,通力電子
01250,北控清潔能源集團
01251,華油能源
01252,中國天瑞水泥
01253,中國綠地博大綠澤
01255,港大零售
01258,中國有色礦業
01259,中國兒童護理
01260,皓天財經集團
01262,蠟筆小新食品
01263,柏能集團
01265,天津津燃公用
01266,西王特鋼
01268,美東汽車
01269,首控集團
01270,朗廷-SS
01271,佳明集團控股
01272,大唐環境
01273,香港信貸
01275,開元產業信託
01277,力量能源
01278,中國新城鎮
01280,匯銀智慧社區
01281,隆基泰和智慧能源
01282,中國金洋
01285,嘉士利集團
01288,農業銀行
01289,盛力達科技
01290,中國匯融
01292,長安民生物流
01293,寶信汽車
01296,國電科環
01297,中國擎天軟件
01298,天美(控股)
01299,友邦保險
01300,俊知集團
01301,德基科技控股
01302,先健科技
01303,匯力資源
01305,偉志控股
01308,海豐國際
01310,香港寬頻
01312,同方康泰
01313,華潤水泥控股
01314,翠華控股
01315,允升國際
01316,耐世特
01317,楓葉教育
01318,格菱控股
01319,靄華押業信貸
01321,中國新城市
01322,創達科技控股
01323,NEWTREE GROUP HOLDINGS LIMITED
01326,天馬影視
01327,時間由你
01328,精英國際
01329,首創鉅大
01330,綠色動力環保
01332,中國新進
01333,中國忠旺
01335,順泰控股
01336,新華保險
01338,霸王集團
01339,中國人民保險集團
01340,惠生國際
01341,焯陞企業
01345,中國先鋒醫藥
01347,華虹半導體
01348,滉達富控股
01349,復旦張江
01350,香港資源一八零一
01353,諾奇
01355,朸濬國際
01358,普華和順
01359,中國信達
01360,MEGA EXPO HOLDINGS LIMITED
01361,361度
01362,新龍移動
01363,中滔環保(新)
01365,綠地潤東
01366,江南集團
01367,恆寶企業控股
01368,特步國際
01369,五洲國際
01370,恆實礦業
01371,華彩控股
01372,怡益控股
01373,國際家居零售
01375,中州證券
01378,中國宏橋
01380,中國金石
01381,粵豐環保
01382,互太紡織
01383,太陽世紀集團
01385,上海復旦
01386,盈進集團
01387,人和商業
01388,安莉芳控股
01389,美捷匯控股
01393,恆鼎實業
01395,強泰環保
01396,毅德國際
01397,碧瑤綠色集團
01398,工商銀行
01399,飛毛腿
01400,宏太控股
01415,高偉電子
01418,盛諾集團
01419,盈健醫療
01420,川控股
01421,工蓋有限公司
01425,標準資源一六十一
01426,春泉產業信託
01428,耀才證券金融
01430,蘇創燃氣
01431,原生態牧業
01432,中國聖牧
01437,美麗華酒店一八
01439,中華包裝控股
01443,富臨集團控股
01446,鴻福堂
01447,新福港
01448,福壽園
01450,世紀睿科
01452,迪諾斯環保
01456,國聯證券
01457,卓能集團一七零四
01458,周黑鴨
01459,巨匠建設
01460,揚科集團
01461,魯証期貨
01462,金誠控股
01466,民生珠寶
01468,英裘控股
01469,結好金融
01470,滴達國際
01476,恆投證券
01478,丘鈦科技
01479,東勝中國一七零五
01480,恩達集團控股
01483,譽宴集團
01486,思城控股
01488,理文手袋
01492,中地乳業
01493,恆騰網絡一七零二
01495,集一家居
01496,亞積邦租賃
01498,培力控股
01499,前進控股集團
01500,現恆建築
01508,中國再保險
01509,和美醫療
01513,麗珠醫藥
01515,鳳凰醫療
01520,時尚環球
01522,中國城市軌道科技
01523,珩灣科技
01526,瑞慈醫療
01527,天潔環境
01528,紅星美凱龍
01530,三生製藥
01532,中國派對文化
01533,莊園牧場
01537,新灃集團一九零七
01538,中奧到家
01539,匯能集團
01543,中盈盛達融資擔保
01547,IBI GROUP HOLDINGS LIMITED
01548,金斯瑞生物科技
01549,永豐集團控股
01555,MI能源
01556,建業建榮
01557,劍虹集團控股
01558,東陽光藥
01559,均安控股
01560,星星地產
01561,萬輝化工
01562,華耐控股一七零七
01565,成實外教育
01566,華夏動漫
01568,承達集團
01570,偉業控股
01572,中國藝術金融
01573,中國優質能源
01577,匯鑫小貸
01578,天津銀行
01579,頤海國際
01583,親親食品
01585,雅迪控股
01586,中國力鴻
01588,暢捷通
01589,中國物流資產
01591,汛和集團
01599,城建設計
01600,天倫燃氣
01606,國銀租賃
01609,創建集團控股
01610,中糧肉食
01611,桐成控股
01612,永勝醫療
01613,協同通信
01616,銀仕來控股
01618,中國中冶
01619,天合化工
01622,力高地產(新)
01623,海隆控股
01626,嘉耀控股
01628,禹洲地產
01633,上諭集團
01636,中國金屬利用
01638,佳兆業集團
01639,安捷利實業
01658,郵儲銀行
01661,智美體育
01662,義合控股
01663,漢港控股
01666,同仁堂科技
01668,華南城
01669,環球信貸集團
01673,華章科技
01678,中創環球
01680,澳門勵駿
01681,康臣葯業
01682,高銳中國物聯
01683,良斯集團
01685,博耳電力
01689,華禧控股
01698,博士蛙國際
01699,普甜食品
01700,華地國際控股
01708,三寶科技
01717,澳優
01718,宏基集團控股
01728,正通汽車
01733,易大宗
01738,飛尚無煙煤
01766,中國中車
01771,新豐泰集團
01776,廣發証券
01777,花樣年控股
01778,彩生活
01786,鐵建裝備
01788,國泰君安國際
01798,大唐新能源
01799,新特能源
01800,中國交通建設
01803,北京體育文化
01808,企展控股
01811,中廣核新能源
01812,晨鳴紙業
01813,合景泰富
01816,中廣核電力
01818,招金礦業
01819,富貴鳥
01822,弘達金融控股
01823,華昱高速
01828,大昌行集團
01829,中國機械工程
01830,必瘦站
01831,十方控股
01833,銀泰商業
01836,九興控股
01838,CHINA PROPERTIES GROUP LIMITED
01848,中國飛機租賃
01856,依波路
01858,春立醫療
01862,景瑞控股
01863,中國龍天集團
01866,中國心連心化肥
01868,同方友友
01878,南戈壁-S
01880,百麗國際
01881,富豪產業信託
01882,海天國際
01883,中信國際電訊
01884,EPRINT集團
01885,中國優材
01886,匯源果汁
01888,建滔積層板
01889,武夷藥業
01893,中材股份
01898,中煤能源
01899,興達國際
01900,中國智能交通
01908,建發國際集團
01910,新秀麗
01913,普拉達
01918,融創中國
01919,中國遠洋
01928,金沙中國有限公司
01929,周大福
01938,珠江鋼管
01958,北京汽車
01963,重慶銀行
01966,中駿置業
01970,IMAX CHINA HOLDING, INC.
01972,太古地產
01979,天寶集團
01980,天鴿互動
01982,南旋控股
01986,彩客化學
01988,民生銀行
01991,大洋集團
01993,雅仕維
01998,飛克國際
01999,敏華控股
02000,晨訊科技
02002,陽光紙業
02005,石四藥集團
02006,錦江酒店
02007,碧桂園
02008,鳳凰衛視
02009,金隅股份
02010,瑞年國際
02011,KEE HOLDINGS COMPANY LIMITED
02012,陽光油砂
02014,浩澤淨水
02016,浙商銀行
02018,瑞聲科技
02020,安踏體育
02023,中國綠島科技
02028,映美控股
02030,卡賓
02031,澳至尊
02033,時計寶
02038,富智康集團
02039,中集集團
02066,盛京銀行
02068,中鋁國際
02078,榮陽實業
02080,奧克斯國際
02083,大自然家居
02086,龍傑智能卡
02088,西王置業
02098,卓爾集團
02099,中國黃金國際
02100,百奧家庭互動
02111,超盈國際控股
02112,優庫資源
02113,東盈控股
02118,天山發展控股
02120,康寧醫院
02121,一化控股
02123,金盾控股
02128,中國聯塑
02133,中國多金屬
02136,利福中國
02138,香港醫思醫療集團
02166,芯智控股
02168,盈德氣體
02178,百勤油服
02183,利福地產
02186,綠葉製藥
02188,泰坦能源技術
02193,萬景控股
02196,復星醫藥
02198,中國三江化工
02199,維珍妮
02200,浩沙國際
02202,萬科企業
02208,金風科技
02211,大健康國際
02212,高鵬礦業
02213,益華控股
02218,安德利果汁
02221,創業集團控股
02222,雷士照明
02223,卡撒天嬌
02226,老恆和釀造
02228,中國節能海東青
02229,長港敦信
02233,西部水泥
02236,惠生工程
02238,廣汽集團
02239,國微技術
02255,海昌海洋公園
02268,優源控股
02277,華融投資股份
02278,海藍控股
02280,慧聰網
02282,美高梅中國
02283,東江集團控股
02286,辰興發展
02288,宏基資本
02289,創美藥業
02298,都市麗人
02299,百宏實業
02300,澳科控股
02302,中核國際
02303,恆興黃金
02307,錦興國際控股
02308,研祥智能
02309,伯明翰環球
02310,申基國際
02312,中國金融租賃
02313,申洲國際
02314,理文造紙
02317,味丹國際
02318,中國平安
02319,蒙牛乳業
02320,合豐集團
02322,仁瑞投資
02323,至卓國際
02324,首都創投
02326,百靈達國際控股
02327,宇業控股
02328,中國財險
02329,國瑞置業
02330,中國上城
02331,李寧
02333,長城汽車
02336,海亮國際
02338,濰柴動力
02339,京西國際
02340,新昌管理集團
02341,中怡國際
02342,京信通信
02343,太平洋航運
02345,上海集優
02348,東瑞製葯
02349,中國城市基礎設施
02355,寶業集團
02356,大新銀行集團
02357,中航科工
02358,久融控股
02362,金川國際
02366,星美文化旅遊
02368,鷹美
02369,酷派集團
02371,中國創聯教育
02378,保誠
02379,中天國際
02380,中國電力
02382,舜宇光學科技
02383,TOM集團
02386,中石化煉化工程
02388,中銀香港
02389,北控醫療健康
02393,巨星國際控股
02398,友佳國際
02399,虎都
02468,創益太陽能
02488,元征科技
02588,中銀航空租賃
02600,中國鋁業
02601,中國太保
02607,上海醫藥
02608,陽光100中國
02623,愛德新能源
02628,中國人壽
02633,雅各臣科研製藥
02638,港燈-SS
02662,奕達
02666,環球醫療
02668,百德國際
02669,中海物業
02678,天虹紡織
02686,亞美能源
02688,新奧能源
02689,玖龍紙業
02698,魏橋紡織
02699,新明中國
02700,格林國際控股
02722,重慶機電
02727,上海電氣
02728,裕華能源
02738,華津國際控股
02768,佳源國際控股
02777,富力地產
02778,冠君產業信託
02788,精熙國際
02789,遠大中國
02799,中國華融
02866,中海集運
02868,首創置業
02869,綠城服務
02877,神威藥業
02878,SOLOMON SYSTECH (INTERNATIONAL) LIMITED
02880,大連港
02882,香港資源控股
02883,中海油田服務
02886,濱海投資
02888,渣打集團
02889,鎳資源國際
02898,龍潤茶
02899,紫金礦業
02910,中國環保能源-舊
02914,力高地產(舊)
02916,皇冠環球(一萬)
02918,京西國際
02919,海通國際(二千)
03300,中國玻璃
03301,融信中國
03303,巨濤海洋石油服務
03306,江南布衣
03308,金鷹商貿集團
03311,中國建築國際
03313,雅高控股
03315,GOLDPAC GROUP LIMITED
03318,中國香精香料
03320,華潤醫藥
03322,永嘉集團
03323,中國建材
03326,保發集團
03328,交通銀行
03330,靈寶黃金
03331,維達國際
03332,中生聯合
03333,中國恆大
03335,DBA電訊
03336,巨騰國際
03337,安東油田服務
03339,中國龍工
03344,互益集團
03355,先進半導體
03360,遠東宏信
03363,正業國際
03366,華僑城(亞洲)
03368,百盛集團
03369,秦港股份
03377,遠洋地產
03378,廈門港務
03380,龍光地產
03382,天津港發展
03383,雅居樂集團
03389,亨得利
03393,威勝集團
03396,聯想控股
03398,華鼎控股
03399,粵運交通
03600,現代牙科
03606,福耀玻璃
03608,永盛新材料
03618,重慶農村商業銀行
03623,集成金融
03626,HANG SANG (SIU PO) INTERNATIONAL HOLDING COMPANY LIMITED
03628,仁恆實業控股
03633,中裕燃氣
03636,保利文化
03638,晶芯科技控股
03639,億達中國
03663,協眾國際控股
03666,小南國
03668,中鋁礦業國際
03669,永達汽車
03678,弘業期貨
03683,榮豐聯合控股
03686,祈福生活服務
03688,萊蒙國際
03689,康華醫療
03698,徽商銀行
03708,日成控股
03709,珂萊蒂爾
03737,中智藥業
03773,年年卡
03777,中國光纖
03778,中國織材控股
03788,CHINA HANKING HOLDINGS LIMITED
03799,達利食品
03800,保利協鑫能源
03808,中國重汽
03813,寶勝國際
03816,KFM金德
03818,中國動向
03822,三和建築集團
03823,德普科技
03828,明輝國際
03833,新疆新鑫礦業
03836,和諧汽車
03838,中國澱粉
03839,正大企業國際
03866,青島銀行
03868,群星紙業
03882,天彩控股
03883,中國奧園
03886,康健國際醫療
03888,金山軟件
03889,大成糖業
03893,易緯集團
03898,中車時代電氣
03899,中集安瑞科
03900,綠城中國
03903,瀚華金控
03908,中金公司
03918,金界控股
03933,聯邦制藥
03939,萬國國際礦業
03948,伊泰煤炭
03958,東方證券
03963,融眾金融
03966,中國寶豐國際
03968,招商銀行
03969,中國通號
03983,中海石油化學
03988,中國銀行
03989,首創環境
03993,洛陽鉬業
03996,中國能源建設
03998,波司登
03999,大成食品
04332,AMGEN-T
04333,思科－T
04335,英特爾-T
04336,應用材料－T
04337,星巴克－Ｔ
04338,微軟－T
06030,中信証券
06099,招商證券
06108,新銳醫藥
06116,拉夏貝爾
06118,奧星生命科技
06123,先達國際物流
06128,泛亞國際
06133,維太移動
06136,康達環保
06138,哈爾濱銀行
06139,金茂酒店-SS
06161,泰加保險
06163,彭順國際
06166,中國宏泰發展
06168,中國優通
06178,光大證券
06183,中國綠寶
06188,迪信通
06196,鄭州銀行
06198,青島港
06288,FAST RETAILING CO., LTD.
06388,COACH, INC. - RS
06808,高鑫零售
06816,PROSPER CONSTRUCTION HOLDINGS LIMITED
06818,中國光大銀行
06822,科勁國際
06823,香港電訊-SS
06826,昊海生物科技
06828,藍天威力
06830,華眾車載
06833,興科蓉醫藥
06836,天韻國際控股
06837,海通證券
06838,盈利時
06839,雲南水務
06858,本間高爾夫
06863,輝山乳業
06865,福萊特玻璃
06866,佐力小貸
06868,天福
06869,長飛光纖光纜
06878,鼎豐集團控股
06880,騰邦控股
06881,中國銀河
06882,東瀛遊
06886,HUATAI SECURITIES CO., LTD.
06888,英達公路再生科技
06889,DYNAM JAPAN HOLDINGS CO., LTD.
06893,衍生集團
06896,金嗓子
06898,中國鋁罐
06899,聯眾
08001,東方匯財證券
08003,世大控股
08005,裕興科技
08006,華泰瑞銀
08007,環球戰略集團
08008,新意網集團
08009,華夏能源控股
08011,百田石油
08012,環宇物流（亞洲）
08015,中國趨勢二一零三
08016,長虹佳華
08018,匯財金融投資
08019,皓文控股
08020,宏海控股集團
08021,匯隆控股
08022,永耀集團控股
08023,鄺文記
08025,亞洲資產
08026,長達健康
08027,吉輝控股
08028,天時軟件
08029,太陽國際
08030,匯聯金融服務
08031,易通訊集團
08032,非凡中國
08033,愛達利網絡
08035,駿高控股
08037,銳康藥業
08038,金力集團
08041,薈萃國際(控股)
08045,南大蘇富特
08046,恆芯中國
08047,宇恆供應鏈
08048,御德國際控股
08049,吉林長龍藥業
08050,雲博產業
08051,訊智海
08052,陸慶娛樂
08053,比優集團
08055,中國網絡教育
08056,飲食概念
08057,麥迪森酒業(新)
08058,羅欣藥業
08059,朝威控股
08060,國聯通信
08061,光亞
08063,環球大通集團
08066,品創控股
08067,東方大學城控股
08070,僑洋國際控股
08071,中彩網通控股
08072,羅馬集團
08075,寰亞傳媒
08076,新利軟件
08077,昆侖國際金融
08078,HMV數碼中國
08079,易還財務投資
08080,北亞策略
08081,互娛中國
08082,仁智國際集團
08083,中國創新支付
08085,香港生命科學
08086,DX.COM控股
08087,中國三三傳媒
08088,匯友科技控股
08089,華人策略控股
08090,中國融保金融集團
08092,ITE (HOLDINGS) LIMITED
08093,愛特麗皮革
08095,北大青鳥環宇
08096,瑞豐石化
08097,鼎石資本
08098,昌利控股
08100,智易控股
08101,家夢控股
08102,利寶閣集團
08103,萬泰企業股份
08106,浙大蘭德
08108,福澤集團
08109,麒麟集團控股
08111,中科光電
08112,FOCUS MEDIA NETWORK LIMITED-NEW
08113,揚宇科技
08115,上海青浦消防
08116,中國幸福投資
08117,中國基礎能源
08119,即時科研
08120,中國神農投資
08121,超凡網絡
08122,德萊建業
08123,首華財經網絡
08125,中持基業
08126,G.A.控股
08127,雲裳衣(一千)
08128,中國地能
08129,中國生物資源
08130,智城控股
08131,辰罡科技
08132,中油港燃
08133,鑄能控股
08135,正美豐業
08137,洪橋集團
08138,同仁堂國藥
08139,長安仁恆
08141,應力控股
08143,華夏醫療
08145,電訊首科
08147,匯思太平洋
08148,奧柏中國
08149,浩德控股
08150,無縫綠色
08153,科地農業
08155,南華資產控股
08156,眾彩股份
08158,中國再生醫學
08159,輝煌科技
08161,醫匯集團
08162,港銀控股
08163,萬德金融
08165,華普智通
08166,中國農業生態
08167,中國新電信
08169,環康集團
08170,KSL HOLDINGS LIMITED
08171,中國趨勢
08172,拉近網娛
08173,萬亞企業控股
08175,中國數碼文化
08176,航空互聯
08177,REF HOLDINGS LIMITED
08178,中國信息科技
08179,新煮意控股
08181,港深聯合
08182,中國糖果
08186,同仁資源
08187,永駿國際控股
08189,泰達生物
08190,康佰控股
08191,鴻偉亞洲
08192,環球能源資源
08193,漢華專業服務
08195,L&A INTERNATIONAL HOLDINGS LIMITED
08196,建禹集團
08197,東北虎藥業
08198,新濠環彩
08200,修身堂
08201,寶聯控股
08202,匯創控股(新)
08203,凱順能源
08205,交大慧谷
08206,神通機器人教育
08207,中國信貸
08211,浙江永隆實業
08212,譽滿國際控股
08213,惟膳
08215,FIRST CREDIT FINANCE GROUP LIMITED
08216,百本醫護
08217,聯旺集團
08218,毅高國際控股
08220,比高集團
08222,壹照明
08225,中國醫療集團
08226,中昱科技
08227,海天天線控股
08228,國藝娛樂
08229,FUTURE DATA GROUP LIMITED
08230,中國宇天
08231,節能元件
08232,CLASSIFIED GROUP (HOLDINGS) LIMITED
08233,中國基建港口
08235,賽迪顧問
08236,寶德科技集團
08237,華星控股
08238,惠陶集團
08239,首都金融控股
08240,展程控股
08242,宏創高科
08243,大賀傳媒
08245,安悅國際控股
08246,北方新能源
08247,中生北控生物科技
08248,豐展控股
08249,寧波萬豪
08250,絲路能源
08251,優越集團控股
08255,神州數字
08256,金利通
08258,西北實業
08260,銀合控股
08261,海天能源
08262,宏強控股
08265,宏峰太平洋
08266,金達集團國際
08267,藍港互動
08268,迪臣建設
08269,富譽控股
08270,中國煤層氣
08271,環球數碼創意
08272,華人飲食集團
08273,浙江展望
08277,駿東控股
08279,亞博科技控股
08280,中國數字視頻
08281,中國金典集團
08282,智傲控股
08283,正力控股
08286,長城微光
08290,亞勢備份
08292,盛良物流
08293,星亞控股
08295,中植資本國際
08296,中國生命集團
08299,大唐潼金
08300,皇璽餐飲集團
08301,明華科技
08306,中國有色金屬
08307,密迪斯肌
08310,大豐港
08311,圓美光電
08312,中國瀚亞
08315,冠輝集團控股
08316,柏榮集團控股
08317,財華社集團
08318,正利控股
08319,思博系統
08320,沛然環保
08321,泰錦控股
08325,中國支付通
08326,同景新能源
08327,泰邦集團
08328,信義香港
08329,海王英特龍
08331,飛尚非金屬
08333,阿仕特朗金融
08336,電訊數碼控股
08337,直通電訊
08340,域高金融
08345,火岩控股
08346,創新電子控股
08348,濱海泰達物流
08351,俊文寶石
08355,超智能控股
08356,中國新華電視
08359,HYPEBEAST LIMITED
08360,利駿集團香港
08361,中國育兒網絡
08363,SDM GROUP HOLDINGS LIMITED
08366,FRASER HOLDINGS LIMITED
08368,中國創意控股
08369,立基工程控股
08407,興證國際
08553,華人飲食集團
08555,FOCUS MEDIA NETWORK LIMITED-OLD
08556,匯創控股(舊)
08557,麥迪森酒業(舊)
08558,雲裳衣(二萬)
80737,合和公路基建-R
87001,匯賢產業信託
90000,浦發銀行
90004,白雲機場
90005,武鋼股份
90007,中國國貿
90008,首創股份
90009,上海機場
90010,包鋼股份
90011,華能國際
90012,皖通高速
90015,華夏銀行
90016,民生銀行
90017,日照港
90018,上港集團
90019,寶鋼股份
90020,中原高速
90021,上海電力
90023,浙能電力
90026,中海發展
90027,華電國際
90028,中國石化
90029,南方航空
90030,中信證券
90031,三一重工
90033,福建高速
90036,招商銀行
90037,歌華有線
90038,中直股份
90039,四川路橋
90048,保利地產
90050,中國聯通
90053,九鼎投資
90054,黃山旅遊
90056,中國醫藥
90058,五礦發展
90059,古越龍山
90060,海信電器
90061,國投安信
90062,華潤雙鶴
90063,皖維高新
90064,南京高科
90066,宇通客車
90067,冠城大通
90068,葛洲壩
90073,上海梅林
90074,保千里
90078,澄星股份
90079,人福醫藥
90080,金花股份
90081,東風科技
90082,海泰發展
90085,同仁堂
90086,東方金鈺
90088,中視傳媒
90089,特變電工
90094,大名城
90096,雲天化
90097,開創國際
90098,廣州發展
90100,同方股份
90101,明星電力
90104,上汽集團
90106,重慶路橋
90108,亞盛集團
90109,國金證券
90110,諾德股份
90111,北方稀土
90112,天成控股
90114,東睦股份
90115,東方航空
90116,三峽水利
90118,中國衛星
90119,長江投資
90120,浙江東方
90121,鄭州煤電
90122,宏圖高科
90123,蘭花科創
90125,鐵龍物流
90132,重慶啤酒
90135,樂凱膠片
90138,中青旅
90139,西部資源
90141,興發集團
90143,金發科技
90150,中國船舶
90153,建發股份
90157,永泰能源
90158,中體產業
90160,巨化股份
90161,天壇生物
90162,香江控股
90166,福田汽車
90167,聯美控股
90168,武漢控股
90169,太原重工
90170,上海建工
90171,上海貝嶺
90172,黃河旋風
90173,臥龍地產
90175,美都能源
90176,中國巨石
90177,雅戈爾
90180,瑞茂通
90183,生益科技
90185,格力地產
90188,兗州煤業
90190,錦州港
90193,創興資源
90195,中牧股份
90196,復星醫藥
90197,伊力特
90199,金種子酒
90200,江蘇吳中
90201,生物股份
90206,有研新材
90208,新湖中寶
90210,紫江企業
90216,浙江醫藥
90218,全柴動力
90219,南山鋁業
90221,海南航空
90227,赤天化
90230,滄州大化
90236,桂冠電力
90238,海南椰島
90239,雲南城投
90240,華業資本
90246,萬通地產
90248,延長化建
90251,冠農股份
90252,中恆集團
90255,鑫科材料
90256,廣彙能源
90257,大湖股份
90258,首旅酒店
90259,廣晟有色
90260,凱樂科技
90261,陽光照明
90262,北方股份
90266,北京城建
90267,海正藥業
90268,國電南自
90269,贛粵高速
90270,外運發展
90271,航天信息
90273,嘉化能源
90276,恆瑞醫藥
90277,億利潔能
90278,東方創業
90280,中央商場
90282,南鋼股份
90284,浦東建設
90285,羚銳製藥
90287,江蘇舜天
90289,億陽信通
90290,華儀電氣
90292,中電遠達
90295,鄂爾多斯
90297,廣匯汽車
90298,安琪酵母
90300,維維股份
90305,恆順醋業
90307,酒鋼宏興
90309,萬華化學
90310,桂東電力
90312,平高電氣
90315,上海家化
90316,洪都航空
90317,營口港
90318,新力金融
90321,國棟建設
90323,瀚藍環境
90325,華發股份
90326,西藏天路
90327,大東方
90329,中新藥業
90332,白雲山
90333,長春燃氣
90335,國機汽車
90337,美克家居
90340,華夏幸福
90343,航天動力
90348,陽泉煤業
90350,山東高速
90351,亞寶藥業
90352,浙江龍盛
90353,旭光股份
90362,江西銅業
90363,聯創光電
90366,寧波韻升
90368,五洲交通
90369,西南證券
90372,中航電子
90373,中文傳媒
90375,華菱星馬
90376,首開股份
90377,寧滬高速
90378,天科股份
90380,健康元
90381,青海春天
90382,廣東明珠
90383,金地集團
90386,北巴傳媒
90387,海越股份
90388,龍淨環保
90389,江山股份
90391,成發科技
90395,盤江股份
90396,金山股份
90397,安源煤業
90398,海瀾之家
90399,撫順特鋼
90400,紅豆股份
90403,大有能源
90405,動力源
90406,國電南瑞
90409,三友化工
90410,華勝天成
90415,小商品城
90416,湘電股份
90418,江淮汽車
90420,現代製藥
90422,昆藥集團
90425,青松建化
90426,華魯恆升
90428,中遠航運
90432,吉恩鎳業
90433,冠豪高新
90435,北方導航
90436,片仔？
90438,通威股份
90439,瑞貝卡
90446,金證股份
90449,寧夏建材
90458,時代新材
90459,貴研鉑業
90460,士蘭微
90466,藍光發展
90467,好當家
90468,百利電氣
90469,風神股份
90470,六國化工
90475,華光股份
90478,科力遠
90479,千金藥業
90480,凌雲股份
90481,雙良節能
90482,中國動力
90483,福能股份
90485,信威集團
90486,揚農化工
90487,亨通光電
90488,天藥股份
90489,中金黃金
90490,鵬欣資源
90491,龍元建設
90495,晉西車軸
90496,精工鋼構
90497,馳宏鋅鍺
90498,烽火通信
90499,科達潔能
90500,中化國際
90501,航天晨光
90502,安徽水利
90503,華麗家族
90507,方大特鋼
90508,上海能源
90509,天富能源
90510,黑牡丹
90511,國藥股份
90513,聯環藥業
90516,方大炭素
90517,置信電氣
90518,康美藥業
90519,貴州茅台
90521,華海藥業
90522,中天科技
90523,貴航股份
90525,長園集團
90526,菲達環保
90527,江南高纖
90528,中鐵二局
90532,宏達礦業
90535,天士力
90536,中國軟件
90537,億晶光電
90545,新疆城建
90546,山煤國際
90547,山東黃金
90548,深高速
90549,廈門鎢業
90551,時代出版
90552,凱盛科技
90557,康緣藥業
90559,老白干酒
90560,金自天正
90561,江西長運
90562,國睿科技
90563,法拉電子
90565,迪馬股份
90566,洪城股份
90567,山鷹紙業
90568,中珠醫療
90570,恆生電子
90571,信雅達
90572,康恩貝
90575,皖江物流
90577,精達股份
90578,京能電力
90580,臥龍電氣
90582,天地科技
90583,海油工程
90584,長電科技
90585,海螺水泥
90586,金晶科技
90587,新華醫療
90588,用友網絡
90589,廣東榕泰
90594,益佰製藥
90596,新安股份
90597,光明乳業
90600,青島啤酒
90601,方正科技
90606,綠地控股
90611,大眾交通
90612,老鳳祥
90613,神奇製藥
90614,鼎立股份
90616,金楓酒業
90617,國新能源
90618,氯鹼化工
90620,天宸股份
90621,華鑫股份
90622,嘉寶集團
90623,華誼集團
90624,復旦復華
90626,申達股份
90628,新世界
90629,華建集團
90633,浙報傳媒
90634,中技控股
90635,大眾公用
90636,三愛富
90637,東方明珠
90638,新黃浦
90639,浦東金橋
90640,號百控股
90641,萬業企業
90642,申能股份
90643,愛建集團
90645,中源協和
90648,外高橋
90649,城投控股
90650,錦江投資
90651,飛樂音響
90654,中安消
90655,豫園商城
90657,信達地產
90658,電子城
90660,福耀玻璃
90661,新南洋
90662,強生控股
90663,陸家嘴
90664,哈藥股份
90666,奧瑞德
90667,太極實業
90668,尖峰集團
90673,東陽光科
90674,川投能源
90675,中華企業
90676,交運股份
90677,航天通信
90682,南京新百
90684,珠江實業
90685,中船防務
90686,金龍汽車
90687,剛泰控股
90688,上海石化
90690,青島海爾
90694,大商股份
90697,歐亞集團
90699,均勝電子
90702,沱牌舍得
90703,三安光電
90704,物產中大
90705,中航資本
90708,光明地產
90711,盛屯礦業
90716,鳳凰股份
90717,天津港
90718,東軟集團
90720,祁連山
90723,首商股份
90724,寧波富達
90729,重慶百貨
90730,中國高科
90736,蘇州高新
90737,中糧屯河
90739,遼寧成大
90741,華域汽車
90742,一汽富維
90743,華遠地產
90747,大連控股
90748,上實發展
90750,江中藥業
90754,錦江股份
90755,廈門國貿
90756,浪潮軟件
90759,洲際油氣
90761,安徽合力
90763,通策醫療
90765,中航重機
90770,綜藝股份
90773,西藏城投
90775,南京熊貓
90776,東方通信
90777,新潮能源
90778,友好集團
90780,通寶能源
90783,魯信創投
90784,魯銀投資
90785,新華百貨
90787,中儲股份
90790,輕紡城
90794,保稅科技
90795,國電電力
90797,浙大網新
90801,華新水泥
90802,福建水泥
90803,新奧股份
90804,鵬博士
90805,悅達投資
90806,昆明機床
90807,天業股份
90808,馬鋼股份
90809,山西汾酒
90811,東方集團
90814,杭州解百
90816,安信信託
90818,中路股份
90820,隧道股份
90823,世茂股份
90824,益民集團
90825,新華傳媒
90826,蘭生股份
90827,百聯股份
90828,茂業商業
90829,三精製藥
90830,香溢融通
90831,廣電網絡
90833,第一醫藥
90835,上海機電
90837,海通證券
90839,四川長虹
90845,寶信軟件
90846,同濟科技
90850,華東電腦
90858,銀座股份
90859,王府井
90860,京城股份
90862,中航高科
90863,內蒙華電
90864,哈投股份
90867,通化東寶
90869,智慧能源
90871,石化油服
90872,中炬高新
90873,梅花生物
90874,創業環保
90875,東方電氣
90876,洛陽玻璃
90879,航天電子
90880,博瑞傳播
90881,亞泰集團
90882,廣澤股份
90884,杉杉股份
90885,宏發股份
90886,國投電力
90887,伊利股份
90888,新疆眾和
90893,中航動力
90894,廣日股份
90895,張江高科
90897,廈門空港
90900,長江電力
90917,重慶燃氣
90958,東方證券
90959,江蘇有線
90963,岳陽林紙
90965,福成股份
90967,北方創業
90970,中材國際
90971,恆源煤電
90973,寶勝股份
90975,新五豐
90976,健民集團
90978,宜華生活
90979,廣安愛眾
90981,匯鴻集團
90983,惠而浦
90985,雷鳴科化
90987,航民股份
90988,赤峰黃金
90990,四創電子
90993,馬應龍
90995,文山電力
90997,開灤股份
90998,九州通
90999,招商證券
91000,唐山港
91001,大同煤業
91002,晉億實業
91005,重慶鋼鐵
91006,大秦鐵路
91009,南京銀行
91010,文峰股份
91012,隆基股份
91015,陝西黑貓
91016,節能風電
91018,寧波港
91021,春秋航空
91038,一拖股份
91058,賽輪金宇
91069,西部黃金
91088,中國神華
91098,中南傳媒
91099,太平洋
91100,恆立液壓
91101,昊華能源
91106,中國一重
91107,四川成渝
91111,中國國航
91117,中國化學
91118,海南橡膠
91126,四方股份
91139,深圳燃氣
91155,新城控股
91158,重慶水務
91166,興業銀行
91168,西部礦業
91169,北京銀行
91179,中國西電
91186,中國鐵建
91198,東興證券
91199,江南水務
91208,東材科技
91211,國泰君安
91216,君正集團
91218,吉鑫科技
91222,林洋能源
91225,陝西煤業
91226,華電重工
91231,環旭電子
91233,桐昆股份
91238,廣汽集團
91258,龐大集團
91288,農業銀行
91311,駱駝股份
91313,江南嘉捷
91318,中國平安
91328,交通銀行
91333,廣深鐵路
91336,新華保險
91339,百隆東方
91368,綠城水務
91369,陝鼓動力
91377,興業證券
91388,怡球資源
91390,中國中鐵
91398,工商銀行
91515,東風股份
91555,東吳證券
91566,九牧王
91567,三星醫療
91588,北辰實業
91600,中國鋁業
91601,中國太保
91607,上海醫藥
91608,中信重工
91618,中國中冶
91628,中國人壽
91633,長城汽車
91636,旗濱集團
91666,平煤股份
91668,中國建築
91669,中國電建
91678,濱化股份
91688,華泰證券
91689,拓普集團
91699,潞安環能
91700,風範股份
91717,鄭煤機
91718,際華集團
91727,上海電氣
91766,中國中車
91777,力帆股份
91788,光大證券
91789,寧波建工
91798,藍科高新
91799,星宇股份
91800,中國交建
91801,皖新傳媒
91808,中海油服
91811,新華文軒
91818,光大銀行
91857,中國石油
91866,中海集運
91872,招商輪船
91877,正泰電器
91880,大連港
91886,江河集團
91888,中國國旅
91890,亞星錨鏈
91898,中煤能源
91899,紫金礦業
91901,方正證券
91908,京運通
91918,國投新集
91919,中國遠洋
91928,鳳凰傳媒
91929,吉視傳媒
91933,永輝超市
91939,建設銀行
91958,金鉬股份
91965,中國汽研
91968,寶鋼包裝
91969,海南礦業
91985,中國核電
91988,中國銀行
91989,中國重工
91991,大唐發電
91992,金隅股份
91996,豐林集團
91998,中信銀行
93000,人民網
93001,奧康國際
93005,晶方科技
93006,聯明股份
93008,喜臨門
93009,北特科技
93019,中科曙光
93025,大豪科技
93077,和邦生物
93116,紅蜻蜓
93118,共進股份
93126,中材節能
93128,華貿物流
93167,渤海輪渡
93168,莎普愛思
93169,蘭石重裝
93188,亞邦股份
93288,海天味業
93306,華懋科技
93308,應流股份
93328,依頓電子
93338,浙江鼎力
93355,萊克電氣
93366,日出東方
93368,柳州醫藥
93369,今世緣
93399,新華龍
93508,思維列控
93555,貴人鳥
93567,珍寶島
93568,偉明環保
93589,口子窖
93599,廣信股份
93600,永藝股份
93609,禾豐牧業
93616,韓建河山
93669,靈康藥業
93686,龍馬環衛
93698,航天工程
93699,紐威股份
93766,隆鑫通用
93806,福斯特
93818,曲美家居
93866,桃李麵包
93883,老百姓
93885,吉祥航空
93898,好萊客
93899,晨光文具
93939,益豐藥房
93979,金誠信
93993,洛陽鉬業
93997,繼峰股份